-- phpMyAdmin SQL Dump
-- version 4.4.12
-- http://www.phpmyadmin.net
--
-- Host: 127.0.0.1
-- Generation Time: Apr 09, 2020 at 07:07 PM
-- Server version: 5.6.26-log
-- PHP Version: 7.3.11

SET SQL_MODE = "NO_AUTO_VALUE_ON_ZERO";
SET time_zone = "+00:00";


/*!40101 SET @OLD_CHARACTER_SET_CLIENT=@@CHARACTER_SET_CLIENT */;
/*!40101 SET @OLD_CHARACTER_SET_RESULTS=@@CHARACTER_SET_RESULTS */;
/*!40101 SET @OLD_COLLATION_CONNECTION=@@COLLATION_CONNECTION */;
/*!40101 SET NAMES utf8mb4 */;

--
-- Database: `najibkado`
--

-- --------------------------------------------------------

--
-- Table structure for table `chats`
--

CREATE TABLE IF NOT EXISTS `chats` (
  `id` bigint(20) unsigned NOT NULL,
  `sender_id` bigint(20) unsigned NOT NULL,
  `reciever_id` bigint(20) unsigned NOT NULL,
  `type` varchar(191) COLLATE utf8mb4_unicode_ci NOT NULL,
  `message` text COLLATE utf8mb4_unicode_ci,
  `unread` varchar(50) COLLATE utf8mb4_unicode_ci NOT NULL,
  `isLiked` varchar(50) COLLATE utf8mb4_unicode_ci NOT NULL,
  `image` varchar(191) COLLATE utf8mb4_unicode_ci DEFAULT NULL,
  `location` text COLLATE utf8mb4_unicode_ci,
  `latitude` varchar(191) COLLATE utf8mb4_unicode_ci DEFAULT NULL,
  `longitude` varchar(191) COLLATE utf8mb4_unicode_ci DEFAULT NULL,
  `created_at` timestamp NULL DEFAULT CURRENT_TIMESTAMP,
  `updated_at` timestamp NULL DEFAULT CURRENT_TIMESTAMP
) ENGINE=MyISAM AUTO_INCREMENT=26 DEFAULT CHARSET=utf8mb4 COLLATE=utf8mb4_unicode_ci;

--
-- Dumping data for table `chats`
--

INSERT INTO `chats` (`id`, `sender_id`, `reciever_id`, `type`, `message`, `unread`, `isLiked`, `image`, `location`, `latitude`, `longitude`, `created_at`, `updated_at`) VALUES
(1, 22, 27, 'text', 'this is a test', 'true', 'false', NULL, NULL, NULL, NULL, '2020-01-21 13:21:57', '2020-01-21 13:21:57'),
(2, 23, 22, 'text', 'this is a test', 'true', 'false', NULL, NULL, NULL, NULL, '2020-01-21 13:21:57', '2020-01-21 13:21:57'),
(3, 23, 27, 'text', 'this is a another test', 'true', 'false', NULL, NULL, NULL, NULL, '2020-01-21 13:21:57', '2020-01-21 13:21:57'),
(4, 27, 23, 'text', 'this is a another test', 'true', 'false', NULL, NULL, NULL, NULL, '2020-01-21 13:21:57', '2020-01-21 13:21:57'),
(5, 27, 23, 'text', 'weldon guys', 'true', 'false', NULL, NULL, NULL, NULL, '2020-01-21 13:21:57', '2020-01-21 13:21:57'),
(6, 27, 20, 'text', 'weldon olami', 'true', 'false', NULL, NULL, NULL, NULL, '2020-01-21 13:21:57', '2020-01-21 13:21:57'),
(7, 27, 22, 'text', 'Hello', '1', '0', NULL, NULL, NULL, NULL, '2020-01-26 20:55:20', '2020-01-26 20:55:20'),
(8, 27, 22, 'text', 'Watin dey xup  now', '1', '0', NULL, NULL, NULL, NULL, '2020-01-26 20:56:48', '2020-01-26 20:56:48'),
(9, 27, 22, 'text', 'Call me wen u are online', '1', '0', NULL, NULL, NULL, NULL, '2020-01-26 20:58:49', '2020-01-26 20:58:49'),
(10, 27, 23, 'text', 'Its works well mehn', '1', '0', NULL, NULL, NULL, NULL, '2020-01-26 21:01:30', '2020-01-26 21:01:30'),
(11, 27, 1, 'text', 'Hello', '1', '0', NULL, NULL, NULL, NULL, '2020-01-26 21:02:04', '2020-01-26 21:02:04'),
(12, 27, 21, 'text', 'Hello ismart', '1', '0', NULL, NULL, NULL, NULL, '2020-01-26 21:11:08', '2020-01-26 21:11:08'),
(13, 21, 27, 'text', 'Am good  n u', '1', '0', NULL, NULL, NULL, NULL, '2020-01-26 21:12:17', '2020-01-26 21:12:17'),
(14, 21, 27, 'text', 'Try n check on me 2day', '1', '0', NULL, NULL, NULL, NULL, '2020-01-26 21:16:54', '2020-01-26 21:16:54'),
(15, 21, 22, 'text', 'Musa wats up', '1', '0', NULL, NULL, NULL, NULL, '2020-01-26 21:18:49', '2020-01-26 21:18:49'),
(16, 21, 22, 'text', 'You no dey try ooo', '1', '0', NULL, NULL, NULL, NULL, '2020-01-26 21:20:00', '2020-01-26 21:20:00'),
(17, 27, 21, 'text', 'Tanks for that', '1', '0', NULL, NULL, NULL, NULL, '2020-03-27 19:44:59', '2020-03-27 19:44:59'),
(18, 21, 27, 'image', 'Testing image files', 'true', 'false', 'chats/sKChhKtTshEE1B2VKB39jW1O117qZ7tfFUc8MQaL.jpeg', NULL, NULL, NULL, '2020-04-02 10:32:29', '2020-04-02 10:32:29'),
(19, 21, 27, 'image', 'Testing image files', 'true', 'false', 'chats/vstLP0HcmCVdWv8H5A0e0gsZ6C105gNQKWLoYL9k.jpeg', NULL, NULL, NULL, '2020-04-02 10:32:30', '2020-04-02 10:32:30'),
(20, 21, 27, 'text', 'What is going on', 'true', 'false', NULL, NULL, NULL, NULL, '2020-04-02 11:12:42', '2020-04-02 11:12:42'),
(21, 21, 27, 'image', 'Why is the image not sending', 'true', 'false', 'chats/UFk0LZ6q3pEhGnC1v7ibYkXZbFIiswydMXAJbGSq.jpeg', NULL, NULL, NULL, '2020-04-02 11:13:44', '2020-04-02 11:13:44'),
(22, 21, 27, 'image', NULL, 'true', 'false', 'chats/VsRHmRPO4u01lGicqjAZm3kX6QOILvAUNz99axvJ.jpeg', NULL, NULL, NULL, '2020-04-02 11:29:14', '2020-04-02 11:29:14'),
(23, 21, 27, 'image', NULL, 'true', 'false', 'chatimg/anwhFqyk9kbysxg8MNGpAnvpEuTsufifwTVkwsid.jpeg', NULL, NULL, NULL, '2020-04-02 12:16:16', '2020-04-02 12:16:16'),
(24, 21, 22, 'image', NULL, 'true', 'false', 'chats/6bzTQ222CiYTkGG5r8uYSli6twMfZmwzn5ieYk3l.jpeg', NULL, NULL, NULL, '2020-04-02 12:18:02', '2020-04-02 12:18:02'),
(25, 34, 21, 'text', 'Hi', 'true', 'false', NULL, NULL, NULL, NULL, '2020-04-07 18:21:35', '2020-04-07 18:21:35');

-- --------------------------------------------------------

--
-- Table structure for table `follower`
--

CREATE TABLE IF NOT EXISTS `follower` (
  `id` bigint(20) unsigned NOT NULL,
  `profile_id` bigint(20) unsigned NOT NULL,
  `user_id` bigint(20) unsigned NOT NULL,
  `created_at` timestamp NULL DEFAULT NULL,
  `updated_at` timestamp NULL DEFAULT NULL
) ENGINE=MyISAM AUTO_INCREMENT=51 DEFAULT CHARSET=utf8mb4 COLLATE=utf8mb4_unicode_ci;

--
-- Dumping data for table `follower`
--

INSERT INTO `follower` (`id`, `profile_id`, `user_id`, `created_at`, `updated_at`) VALUES
(28, 31, 22, NULL, NULL),
(27, 21, 22, NULL, NULL),
(7, 5, 22, NULL, NULL),
(14, 30, 22, NULL, NULL),
(29, 31, 21, NULL, NULL),
(32, 22, 21, NULL, NULL),
(34, 31, 32, NULL, NULL),
(47, 21, 27, NULL, NULL),
(48, 22, 27, NULL, NULL),
(37, 32, 27, NULL, NULL),
(39, 30, 27, NULL, NULL),
(40, 23, 27, NULL, NULL),
(41, 26, 27, NULL, NULL),
(42, 31, 27, NULL, NULL),
(43, 21, 30, NULL, NULL),
(44, 25, 27, NULL, NULL),
(45, 29, 27, NULL, NULL),
(46, 24, 27, NULL, NULL),
(50, 21, 34, NULL, NULL);

-- --------------------------------------------------------

--
-- Table structure for table `migrations`
--

CREATE TABLE IF NOT EXISTS `migrations` (
  `id` int(10) unsigned NOT NULL,
  `migration` varchar(191) COLLATE utf8mb4_unicode_ci NOT NULL,
  `batch` int(11) NOT NULL
) ENGINE=MyISAM AUTO_INCREMENT=24 DEFAULT CHARSET=utf8mb4 COLLATE=utf8mb4_unicode_ci;

--
-- Dumping data for table `migrations`
--

INSERT INTO `migrations` (`id`, `migration`, `batch`) VALUES
(1, '2014_10_12_000000_create_users_table', 1),
(2, '2014_10_12_100000_create_password_resets_table', 1),
(3, '2016_06_01_000001_create_oauth_auth_codes_table', 1),
(4, '2016_06_01_000002_create_oauth_access_tokens_table', 1),
(5, '2016_06_01_000003_create_oauth_refresh_tokens_table', 1),
(6, '2016_06_01_000004_create_oauth_clients_table', 1),
(7, '2016_06_01_000005_create_oauth_personal_access_clients_table', 1),
(8, '2019_11_27_210122_create_profiles_table', 1),
(9, '2019_11_29_080516_create_posts_table', 1),
(10, '2019_11_30_064222_follows_user_profile', 1),
(11, '2019_12_19_144227_create_comments_table', 2),
(12, '2019_12_20_093219_creates_post_likes_pivot_table', 3),
(13, '2019_12_24_150732_comment_likes_pivot_table', 4),
(15, '2019_12_27_115908_create_stories_table', 5),
(16, '2019_12_29_202428_create_stories_like_pivot_table', 6),
(17, '2019_12_29_202747_create_stories_views_pivot_table', 6),
(18, '2019_12_30_145135_create_story_comments_table', 6),
(21, '2020_01_08_090414_create_story_comment_likes_pivot_table', 7),
(23, '2020_01_21_121221_create_chats_table', 8);

-- --------------------------------------------------------

--
-- Table structure for table `oauth_access_tokens`
--

CREATE TABLE IF NOT EXISTS `oauth_access_tokens` (
  `id` varchar(100) COLLATE utf8mb4_unicode_ci NOT NULL,
  `user_id` bigint(20) DEFAULT NULL,
  `client_id` int(10) unsigned NOT NULL,
  `name` varchar(191) COLLATE utf8mb4_unicode_ci DEFAULT NULL,
  `scopes` text COLLATE utf8mb4_unicode_ci,
  `revoked` tinyint(1) NOT NULL,
  `created_at` timestamp NULL DEFAULT NULL,
  `updated_at` timestamp NULL DEFAULT NULL,
  `expires_at` datetime DEFAULT NULL
) ENGINE=MyISAM DEFAULT CHARSET=utf8mb4 COLLATE=utf8mb4_unicode_ci;

--
-- Dumping data for table `oauth_access_tokens`
--

INSERT INTO `oauth_access_tokens` (`id`, `user_id`, `client_id`, `name`, `scopes`, `revoked`, `created_at`, `updated_at`, `expires_at`) VALUES
('2445dbf629c380e7a004bf304837a44fc717991488b698e676e7b640e2d41ccb6cc5adc5bd9cf313', 21, 1, 'authToken', '[]', 0, '2019-12-04 19:33:52', '2019-12-04 19:33:52', '2020-12-04 19:33:52'),
('2ae7bdcd0ff040ad5e73c0b9f1a0e3b99566c585c23f0754a59acf1b3f0f2ada6f5bc4f0a080a6f1', 20, 1, 'authToken', '[]', 0, '2019-12-04 20:10:05', '2019-12-04 20:10:05', '2020-12-04 20:10:05'),
('68a4dceba8e50b85a30d9e1a2c26f9733fecfdbb71f54a57b4a4f71d5809faa7ffe493e9a86c2d5f', 21, 1, 'authToken', '[]', 0, '2019-12-05 07:14:43', '2019-12-05 07:14:43', '2020-12-05 07:14:43'),
('fde3b10a3b7663837f93e22078ccebe181831ea90561beb7f97adcc0be6f7d42dd429961837a2a84', 21, 1, 'authToken', '[]', 0, '2019-12-10 04:16:08', '2019-12-10 04:16:08', '2020-12-10 04:16:08'),
('a30b8a5cf5071a8c3b19d3f44dc6a2c35da203569c23a9e635c75aa20d64ca1b17b8d312ca08c75d', 21, 1, 'authToken', '[]', 0, '2019-12-12 15:10:13', '2019-12-12 15:10:13', '2020-12-12 15:10:13'),
('761c78082edd6ddc67e63237adda0d75b8a5c880c12b1dda4eef93938d8425a7c22a04a17665347f', 21, 1, 'authToken', '[]', 0, '2019-12-13 10:23:07', '2019-12-13 10:23:07', '2020-12-13 10:23:07'),
('03c14e1e5dffc25c2fb9e6e2ed2ec29dc74c7f39f35405e7b843c16ded35a14e647270e75ede7f1f', 21, 1, 'authToken', '[]', 0, '2019-12-13 12:23:01', '2019-12-13 12:23:01', '2020-12-13 12:23:01'),
('cf8c86452d2eaecdd17297afc9905a737113b51435b6435075739eac678df0b0824257dc19427acf', 21, 1, 'authToken', '[]', 0, '2019-12-13 14:54:34', '2019-12-13 14:54:34', '2020-12-13 14:54:34'),
('480d88a2288e488115eb929603ac510fd5e84a5532c114583315dbc7d7f17cdae351b34e37afd662', 21, 1, 'authToken', '[]', 0, '2019-12-13 15:02:41', '2019-12-13 15:02:41', '2020-12-13 15:02:41'),
('ac5674c9a61e52819fba7b22b7cb4801989683d9012cb2a09f8d965f6be0273ddaf2c7db55211125', 22, 1, 'authToken', '[]', 0, '2019-12-15 09:30:22', '2019-12-15 09:30:22', '2020-12-15 09:30:22'),
('439958af7081f483a41a4e439e40514608a2fc52af52a9f64aeabb65b7b09bc32076c62f1b5a0dec', 21, 1, 'authToken', '[]', 0, '2019-12-16 11:38:31', '2019-12-16 11:38:31', '2020-12-16 11:38:31'),
('f1c5308204679c3c47207126efd30ab8762a3e3e9bab58db2e9f7dfa4c8e356f72d58a0ca117f381', 22, 1, 'authToken', '[]', 0, '2019-12-16 12:17:47', '2019-12-16 12:17:47', '2020-12-16 12:17:47'),
('c357a27abf5fe00aae214e0fa4cd5757b3a6ae6fb074083c0959bdf746266ee277c1af5f687af3eb', 21, 1, 'authToken', '[]', 0, '2019-12-16 16:47:48', '2019-12-16 16:47:48', '2020-12-16 16:47:48'),
('a25b19235032e3c7b0cf9592cb9a6335670c0ffcd11cbda1c93054bd47744dd2804afee85edd7359', 21, 1, 'authToken', '[]', 0, '2019-12-16 16:58:17', '2019-12-16 16:58:17', '2020-12-16 16:58:17'),
('1ec72c03b73368869cc86fca5d39968bbaaa41239ae256aa96ac60585d862510f795e2e09c14c1b3', 21, 1, 'authToken', '[]', 0, '2019-12-17 07:38:32', '2019-12-17 07:38:32', '2020-12-17 07:38:32'),
('6ed10f5d088f741326a1eb642678a0098da53ef318e73cc14ee41bdc126b76a919fa14d35e092efb', 21, 1, 'authToken', '[]', 0, '2019-12-17 07:40:42', '2019-12-17 07:40:42', '2020-12-17 07:40:42'),
('c093dd44a0b06cf50f3c4b5d7d4f0b7d69032737f752f29de248d242c923ba55a4a6e9ff307f99eb', 21, 1, 'authToken', '[]', 0, '2019-12-17 07:41:18', '2019-12-17 07:41:18', '2020-12-17 07:41:18'),
('07b3a9c986750c63639bc21b874b8fce4d311fb69e84fc062a2529cecc203395096369dbc2e89570', 21, 1, 'authToken', '[]', 0, '2019-12-17 07:41:43', '2019-12-17 07:41:43', '2020-12-17 07:41:43'),
('b36d8226d62cf000c152833d67968c7f39b7e9eba22a2f099d6bc030b20230cec2bdb2c703926c89', 21, 1, 'authToken', '[]', 0, '2019-12-17 07:42:08', '2019-12-17 07:42:08', '2020-12-17 07:42:08'),
('f475717ac6ba94587d6958db101b108f2fec219faa667108bb5d7fe4f0ab179187af47dcf3eef61e', 21, 1, 'authToken', '[]', 0, '2019-12-17 07:42:14', '2019-12-17 07:42:14', '2020-12-17 07:42:14'),
('3f502fdc723ad81b6eb1a5885d8b407f637346441d36d2d1acc718721bd57941dcafc621c6edd821', 21, 1, 'authToken', '[]', 0, '2019-12-17 07:42:16', '2019-12-17 07:42:16', '2020-12-17 07:42:16'),
('40caa0c0721274793f2a48cff85aca891ff713189d450b294c9f0129e8630db6b987d55585720610', 21, 1, 'authToken', '[]', 0, '2019-12-17 07:42:17', '2019-12-17 07:42:17', '2020-12-17 07:42:17'),
('1525e40ff42e3c41e69133a73f30339204303c68e93abbf4df6f754473dcbbc574043f1663fbe01f', 21, 1, 'authToken', '[]', 0, '2019-12-17 07:42:18', '2019-12-17 07:42:18', '2020-12-17 07:42:18'),
('5ec5665fd0fb561c929659f98a508ab4e9b297f62462a58cb469398bd5e06bfc8236eb89e675d460', 21, 1, 'authToken', '[]', 0, '2019-12-17 07:42:50', '2019-12-17 07:42:50', '2020-12-17 07:42:50'),
('94086323b0c4efe5d1092c92bb9ac7f29141dc34586998704e7c20c628328bc336acbfc4749ce1f7', 21, 1, 'authToken', '[]', 0, '2019-12-17 07:42:55', '2019-12-17 07:42:55', '2020-12-17 07:42:55'),
('235f32ed3008a3324f7e1233d97df745305d5a8cca9234e1438b49eb7dfb12b69e1eaff5bb0f0670', 21, 1, 'authToken', '[]', 0, '2019-12-17 07:43:13', '2019-12-17 07:43:13', '2020-12-17 07:43:13'),
('85dbdc19ad180f55db7d3dbdfcd144928a5aceeaa65d916e4e9edd9443ad719ce9aa7de620d53cff', 21, 1, 'authToken', '[]', 0, '2019-12-17 07:43:26', '2019-12-17 07:43:26', '2020-12-17 07:43:26'),
('bed995d78c96d4cefdb3832f4990a9282f4f2878922b2157e6e42030e0074b990e11318d06f0eb02', 21, 1, 'authToken', '[]', 0, '2019-12-17 07:43:45', '2019-12-17 07:43:45', '2020-12-17 07:43:45'),
('6e0e8ea55bf498f0bdd6ef4af96f6ae4f79a24b76722323ab7a80744971660873d793de0c4d58908', 21, 1, 'authToken', '[]', 0, '2019-12-17 07:44:00', '2019-12-17 07:44:00', '2020-12-17 07:44:00'),
('3a01b0c439afdb1c3eb5ee1bc000fcf25211568b241d2ee65ae83332a735862f204755cc40b510e5', 21, 1, 'authToken', '[]', 0, '2019-12-17 07:44:26', '2019-12-17 07:44:26', '2020-12-17 07:44:26'),
('b2ad5723ed262dca11d4867a5fa6464367769dd917fb488d314a3b994222820c142eaf8ee92e1b87', 21, 1, 'authToken', '[]', 0, '2019-12-17 07:45:27', '2019-12-17 07:45:27', '2020-12-17 07:45:27'),
('ae8ce02f87dfc64a908e2e3c3ccf421c794f7ebae44b901e501a6bb15dc6301042940de5fa97bc0b', 21, 1, 'authToken', '[]', 0, '2019-12-17 07:47:00', '2019-12-17 07:47:00', '2020-12-17 07:47:00'),
('57e160048cd95e7caa87f1bea9de2a929413d78c1c0abf55a68bc41ab28a1baa169ef56f94bc8895', 21, 1, 'authToken', '[]', 0, '2019-12-17 07:47:47', '2019-12-17 07:47:47', '2020-12-17 07:47:47'),
('e4ef190ffb02baaf0cf10eb92e60ee663c576f54a5567b3adb707d4abebccf44fea7a9e05f205c82', 21, 1, 'authToken', '[]', 0, '2019-12-17 07:48:20', '2019-12-17 07:48:20', '2020-12-17 07:48:20'),
('26f32ccdd6d156c129b427b9e9c3c25729fb8bca6fd22a5aadcd78148589884839524b506c553bee', 21, 1, 'authToken', '[]', 0, '2019-12-17 07:48:28', '2019-12-17 07:48:28', '2020-12-17 07:48:28'),
('0212848dddc456225571e80110dbeccf9204bcd568f4b2264d3f0546edd03ad1fae7babc9f22d8f2', 21, 1, 'authToken', '[]', 0, '2019-12-17 07:48:39', '2019-12-17 07:48:39', '2020-12-17 07:48:39'),
('5bc1070763140193855177d36358dbeddb364b7a688d2f4cac3b2ad86eb8d8e44005797bfc036ea6', 21, 1, 'authToken', '[]', 0, '2019-12-17 07:48:52', '2019-12-17 07:48:52', '2020-12-17 07:48:52'),
('702bdfe155d422d9547e25042c4bde140235dad8f7ae562b9a1f0551a6dc93dfe5aecfdb792d07c4', 21, 1, 'authToken', '[]', 0, '2019-12-17 07:49:08', '2019-12-17 07:49:08', '2020-12-17 07:49:08'),
('dd6df8201aa318b7a4073609634f50277ae1650305fa8472ac442b534f979238e48df0fe0bcefe59', 21, 1, 'authToken', '[]', 0, '2019-12-17 07:49:20', '2019-12-17 07:49:20', '2020-12-17 07:49:20'),
('f7bd1d8bb81eec905ed6fb60bf5843460c81854ef30b04698434c7b706e8ca84bac83488267b01eb', 21, 1, 'authToken', '[]', 0, '2019-12-17 07:49:33', '2019-12-17 07:49:33', '2020-12-17 07:49:33'),
('baf4020c1bd1cc6e77f19d7e2f61ef106241471b14786ffc5738434b35385041e42bb5787c6769a8', 21, 1, 'authToken', '[]', 0, '2019-12-17 07:50:14', '2019-12-17 07:50:14', '2020-12-17 07:50:14'),
('7bf94a36536c9ca8e86a2c4e9621e1ae05fb75ee5578f4a0d1b7e6920a332788f034982545698b9c', 21, 1, 'authToken', '[]', 0, '2019-12-17 07:50:24', '2019-12-17 07:50:24', '2020-12-17 07:50:24'),
('93cee5de1f89598ed456e43230107b6350eddeeca3d2011883b5a5bd64a63b8b90087dc2535533ff', 21, 1, 'authToken', '[]', 0, '2019-12-17 08:47:56', '2019-12-17 08:47:56', '2020-12-17 08:47:56'),
('69c4c3e31d2c5325be4776272b24570a85c9169dcdcc1672162185abf5933b9139b9774ac4758f77', 21, 1, 'authToken', '[]', 0, '2019-12-17 08:48:08', '2019-12-17 08:48:08', '2020-12-17 08:48:08'),
('69dbd932a0f64e506e56935629574808b6ac5a6c12e17098c05811c690fed3819c235671033bbf1d', 21, 1, 'authToken', '[]', 0, '2019-12-17 08:48:16', '2019-12-17 08:48:16', '2020-12-17 08:48:16'),
('26d891e27e7cff9c80744753ff34fef5a8ec5d79316230388662604c5d8bb80ed2ae06dd2b2493b8', 21, 1, 'authToken', '[]', 0, '2019-12-17 08:48:38', '2019-12-17 08:48:38', '2020-12-17 08:48:38'),
('301d56c177f6a09f51d3ed39c70667c72f89846a16d8a43cf6b64634b107773b0ca46e06057e3091', 21, 1, 'authToken', '[]', 0, '2019-12-17 08:49:42', '2019-12-17 08:49:42', '2020-12-17 08:49:42'),
('e04fcf854a023aceb3098ff398bd6d895444730ac1e8fd7b5b2eb8225b018076d02fbb58b40b3347', 21, 1, 'authToken', '[]', 0, '2019-12-17 11:42:54', '2019-12-17 11:42:54', '2020-12-17 11:42:54'),
('d1bc2df18ce695d035eba6bfe5326bd625ea6f9a7c34eadfb8f3f31e6008998e8f16b10670506c93', 21, 1, 'authToken', '[]', 0, '2019-12-17 11:43:02', '2019-12-17 11:43:02', '2020-12-17 11:43:02'),
('d046a8b78b8edab46e55b58168d648a8ab820fd1d58c295d0f1591e8e615bfea19a9154e59158615', 21, 1, 'authToken', '[]', 0, '2019-12-17 11:43:22', '2019-12-17 11:43:22', '2020-12-17 11:43:22'),
('ec8bfa2d0f855594a7d1c525c16c57cc285511609b40fd17c8e6551f9de15dfa73bbe97dbff7170f', 21, 1, 'authToken', '[]', 0, '2019-12-17 11:44:11', '2019-12-17 11:44:11', '2020-12-17 11:44:11'),
('af97ff9bff0c3f160e422949df971e756f9c66021c70af93ed930c1696eacabe61048118cabff5be', 21, 1, 'authToken', '[]', 0, '2019-12-17 11:44:13', '2019-12-17 11:44:13', '2020-12-17 11:44:13'),
('629302f874441e78f1c3b856b75589cb4fb4b994b54fedd38dbe1756a8ef0ac78c9ded6fdca5e201', 21, 1, 'authToken', '[]', 0, '2019-12-17 11:44:37', '2019-12-17 11:44:37', '2020-12-17 11:44:37'),
('a1dc42037112533336d507a7b4e0ac1d8a30fbaabb6ff09a5bd20ead00033492db890a9a94a13566', 21, 1, 'authToken', '[]', 0, '2019-12-17 11:44:43', '2019-12-17 11:44:43', '2020-12-17 11:44:43'),
('f4568a03b2d8089d6927a914c0fe0ad26598e16e5b8de5c882cd36df26c75de5e3605a0ad459a63a', 21, 1, 'authToken', '[]', 0, '2019-12-17 11:44:54', '2019-12-17 11:44:54', '2020-12-17 11:44:54'),
('5309ed4090db16dfcf16d7426689bfc6b4dc0219345c36c7a9fe3f828d5c6e0c1c8812123dc0222c', 21, 1, 'authToken', '[]', 0, '2019-12-17 11:45:07', '2019-12-17 11:45:07', '2020-12-17 11:45:07'),
('a5ea07c026882b6a37c40af188c2b368567a46f761da73cdd856a54ba4ac1142192c5b13276fa53a', 21, 1, 'authToken', '[]', 0, '2019-12-17 11:45:08', '2019-12-17 11:45:08', '2020-12-17 11:45:08'),
('d1a7c710f5fa8f9be61fe6f83e77974a85377113dac133c0f8c2959107601c84d30156a8ed153361', 21, 1, 'authToken', '[]', 0, '2019-12-17 11:45:10', '2019-12-17 11:45:10', '2020-12-17 11:45:10'),
('5354bbbf40c9a72f792812cf20d7144ffaee768f51c7fe5f06f1e9dad95e7535fcb972973112e9cf', 21, 1, 'authToken', '[]', 0, '2019-12-17 11:47:29', '2019-12-17 11:47:29', '2020-12-17 11:47:29'),
('1a9738523a1150f8a8a354672189450c03f19a619e20cb4038035e5de34f370fa22f521d2f74f3f6', 23, 1, 'authToken', '[]', 0, '2019-12-17 12:11:27', '2019-12-17 12:11:27', '2020-12-17 12:11:27'),
('c4f99e3145ee37a3735db524b476fe5c7cccc00375d59f50c88b8aa4a4c17a65f3578a2cb3f8365b', 24, 1, 'authToken', '[]', 0, '2019-12-17 12:13:32', '2019-12-17 12:13:32', '2020-12-17 12:13:32'),
('dca1b1969346f2b62d8adf02190b90b1048d22c062e460cd23a69ad9560816451ef42ac0533f9033', 25, 1, 'authToken', '[]', 0, '2019-12-17 12:15:10', '2019-12-17 12:15:10', '2020-12-17 12:15:10'),
('87ef3a450af206ca6c003c9f9175747fd8e81a8eec6448ea42b737387d95cd0390111a776357f3ad', 26, 1, 'authToken', '[]', 0, '2019-12-17 12:21:03', '2019-12-17 12:21:03', '2020-12-17 12:21:03'),
('a9e2d7beffa6a287c9b6767cf59fe39d490968f4e977e5d4d39ba66afa5479d0494efd97c62984b7', 21, 1, 'authToken', '[]', 0, '2019-12-17 12:31:38', '2019-12-17 12:31:38', '2020-12-17 12:31:38'),
('bffcd2375020af3c7d43ab55d62c9c4d7ebf4f00b1903b4fda304572fc8177c3f34453693b65a256', 21, 1, 'authToken', '[]', 0, '2019-12-17 12:31:42', '2019-12-17 12:31:42', '2020-12-17 12:31:42'),
('b9895448a770536d0c5a71fab6e35158c846116b9346bef6118049d4081985f5f647e9f29d4ed6cc', 21, 1, 'authToken', '[]', 0, '2019-12-17 12:36:08', '2019-12-17 12:36:08', '2020-12-17 12:36:08'),
('e65c99990b9426ed04c4125804ca57ef28823551dff1b5dfefb7861a92b7606b902a94c827a2f989', 27, 1, 'authToken', '[]', 0, '2019-12-17 12:48:53', '2019-12-17 12:48:53', '2020-12-17 12:48:53'),
('e85576f607533d849b17d6c3a5284c9d3e78f7fe127bf3802a21a5bc3c258f5a3eadbb9299f26cb2', 28, 1, 'authToken', '[]', 0, '2019-12-17 12:50:04', '2019-12-17 12:50:04', '2020-12-17 12:50:04'),
('2f8f2662b9a455a4ff49df5436f90da63ab73e63cbea8522ddb98c48fea3320e73f0cc04c68b139d', 29, 1, 'authToken', '[]', 0, '2019-12-17 12:56:05', '2019-12-17 12:56:05', '2020-12-17 12:56:05'),
('26b6e41787ffd34149b9202aeb2e970ec3c1ac82e81269159793fabb73591a8d78dc83e3b693d86c', 21, 1, 'authToken', '[]', 0, '2019-12-17 13:05:45', '2019-12-17 13:05:45', '2020-12-17 13:05:45'),
('84a09b636d4397791a7c7099fcee83cc6be4f26e478d605c7419f4662833d0dea4eb4f60adae3bd7', 30, 1, 'authToken', '[]', 0, '2019-12-17 13:50:07', '2019-12-17 13:50:07', '2020-12-17 13:50:07'),
('73105cd880e6165cd2de9794b0fa038fc39e37ae896b105bb70712abaa147c899dc9e9cdc7df2904', 30, 1, 'authToken', '[]', 0, '2019-12-17 14:22:25', '2019-12-17 14:22:25', '2020-12-17 14:22:25'),
('60b4431af22796d8948cdf56b53f498a098a667d07dc95688255d2e1aeafa26cc40b37c7bd61f9ba', 30, 1, 'authToken', '[]', 0, '2019-12-17 14:25:46', '2019-12-17 14:25:46', '2020-12-17 14:25:46'),
('ef7baba9ce2500421f4aa7ef7556914b124241d23ec0508fceb0ac1ad0cbbee1539fb36ea0793a47', 21, 1, 'authToken', '[]', 0, '2019-12-17 16:50:53', '2019-12-17 16:50:53', '2020-12-17 16:50:53'),
('579dc37e1fb03242f411645140a5628c89497b63c7651a6ee7d23e10c5b33cf9ca5e06e3b3c7a57e', 30, 1, 'authToken', '[]', 0, '2019-12-18 09:48:23', '2019-12-18 09:48:23', '2020-12-18 09:48:23'),
('bd12e7b57f632d7abd9b8f39b73babc63281b0af78cad8b65d2090bf45ac879c10020fa1291c1919', 22, 1, 'authToken', '[]', 0, '2019-12-18 09:48:46', '2019-12-18 09:48:46', '2020-12-18 09:48:46'),
('a9725f71fd01476ca5b384aefd3b535006130d67903e01fadba53db8cd867a817000bda67b533c4f', 21, 1, 'authToken', '[]', 0, '2019-12-18 10:43:47', '2019-12-18 10:43:47', '2020-12-18 10:43:47'),
('1c19b5912e4a7c9c4f801e0b77da99c301e54eeb83bf39f0c207366202c91cc3412199d45bb6bd6a', 21, 1, 'authToken', '[]', 0, '2019-12-18 10:43:51', '2019-12-18 10:43:51', '2020-12-18 10:43:51'),
('608c256c73deabd9a7bf223c4b8541014d9a562920ac0cd138014f05fe3ae72c6a0bdaab84c73e08', 21, 1, 'authToken', '[]', 0, '2019-12-18 10:43:54', '2019-12-18 10:43:54', '2020-12-18 10:43:54'),
('dd561911b19abd8425ec58ccb76547aa96edf523655befffd183d200c5bf0a529125cf764ced62ca', 21, 1, 'authToken', '[]', 0, '2019-12-18 10:44:19', '2019-12-18 10:44:19', '2020-12-18 10:44:19'),
('5278edb4d8dfeaf1cc92b04a53dfc8d01ef1eb9761e574c8b9cc06e12ccc9f62de4433c1e73ee0cc', 21, 1, 'authToken', '[]', 0, '2019-12-18 10:44:23', '2019-12-18 10:44:23', '2020-12-18 10:44:23'),
('c5620e6b43a334b2358d9b61585bf485682bbf31ce44cf8f5d6f1199ca0aa0435bab99991166d704', 21, 1, 'authToken', '[]', 0, '2019-12-18 10:45:16', '2019-12-18 10:45:16', '2020-12-18 10:45:16'),
('43d7f9abbe197f04d26fef541d6f4cb1958716679d256760e3ee383545961f4347d5b6c0342561b7', 21, 1, 'authToken', '[]', 0, '2019-12-18 10:46:15', '2019-12-18 10:46:15', '2020-12-18 10:46:15'),
('a0cb33b05b17b2875847bd276350e4ec1cce2ab6866b2cc78255d16109eb1b5c1c4d597d2e4aabab', 21, 1, 'authToken', '[]', 0, '2019-12-18 10:49:31', '2019-12-18 10:49:31', '2020-12-18 10:49:31'),
('2dfd93acd5c283537cf4de4eb1c16ae065f1c6dd6f4d1fd2250170c4451e7a21e4f7a2871fbdb435', 30, 1, 'authToken', '[]', 0, '2019-12-18 11:00:43', '2019-12-18 11:00:43', '2020-12-18 11:00:43'),
('21cff85fe3410a25f74fce722deee6efc3be91d76a16a85e0e342742c748d8d611c2126b88ec21b5', 22, 1, 'authToken', '[]', 0, '2019-12-18 11:01:03', '2019-12-18 11:01:03', '2020-12-18 11:01:03'),
('d54a464a85d4c6a8ebb4cb787215cb8dc7e49d37abbceee9069f88568095bb319ad01fd350c63b99', 21, 1, 'authToken', '[]', 0, '2019-12-18 18:37:57', '2019-12-18 18:37:57', '2020-12-18 18:37:57'),
('83f9eaf57dd24c23ce1e1062b6284aada0ea11f1237cd0c15e15e41e000839953a1ffecad2c20fac', 30, 1, 'authToken', '[]', 0, '2019-12-19 08:11:34', '2019-12-19 08:11:34', '2020-12-19 08:11:34'),
('51accec457e667601f2bd4fb4c467679c38df58ec7f7e1f59dd443ceb6778c2a89ca8548fc273e89', 22, 1, 'authToken', '[]', 0, '2019-12-19 08:12:05', '2019-12-19 08:12:05', '2020-12-19 08:12:05'),
('0888767f7046e2d5ea54a0a64c8090e608a4a3ea19da176185e391e230b7c71c946fe8613728944f', 21, 1, 'authToken', '[]', 0, '2019-12-20 08:46:12', '2019-12-20 08:46:12', '2020-12-20 08:46:12'),
('20ee4fde891c7c582774a7d83ebffec5dced8ad76b6617990b9c720cac0f857b686accde91d5f062', 21, 1, 'authToken', '[]', 0, '2019-12-20 14:06:00', '2019-12-20 14:06:00', '2020-12-20 14:06:00'),
('4cb15a1fe30ef060f80b622a1bc7a448c2db794f64aeb331ab6386fd5cd70e213ba2b6785736c4d3', 31, 1, 'authToken', '[]', 0, '2019-12-20 18:08:31', '2019-12-20 18:08:31', '2020-12-20 18:08:31'),
('2e2280dd9b834e75564ca02c3f1935327410b8489debfea1270c742c939fb859342e60837a4dba5d', 21, 1, 'authToken', '[]', 0, '2019-12-20 18:12:30', '2019-12-20 18:12:30', '2020-12-20 18:12:30'),
('f5a35779fe298358c58758d74302bedddabca8044b20137ccd218f566746ff38fb682286fe3aae4b', 21, 1, 'authToken', '[]', 0, '2019-12-20 18:15:35', '2019-12-20 18:15:35', '2020-12-20 18:15:35'),
('e7ebbb0741df2d59cae1c7b5c1035d6f31fccca4bdf625c1f6178fd7b1d5d8a102d5426e2db1793c', 21, 1, 'authToken', '[]', 0, '2019-12-21 13:54:50', '2019-12-21 13:54:50', '2020-12-21 13:54:50'),
('d836de111b72c0fd1cd242bdbd5c38b56ae7445019e415531a7539ef7192e77181c87ed5732dbc56', 30, 1, 'authToken', '[]', 0, '2019-12-21 14:17:43', '2019-12-21 14:17:43', '2020-12-21 14:17:43'),
('cc0fd08717f541a8b503fa07ecfa0e4fa8278918b65caddac7372d3d0007c8b53ff2308fa5bdf135', 21, 1, 'authToken', '[]', 0, '2019-12-21 14:59:55', '2019-12-21 14:59:55', '2020-12-21 14:59:55'),
('dcbc85b476c2ade19910e9e69a2d39935a61082a74db92e53a679e10cde9029030abf1e43b5a1d3e', 22, 1, 'authToken', '[]', 0, '2019-12-22 12:30:42', '2019-12-22 12:30:42', '2020-12-22 12:30:42'),
('2cd6ccee42f6c64b903f52d07c1a555be97e50249701bbc1ba7d876fcebd23477e3bf756dbc16b1d', 22, 1, 'authToken', '[]', 0, '2019-12-22 21:49:08', '2019-12-22 21:49:08', '2020-12-22 21:49:08'),
('7ed988e93ddfcb7d36faf08cc453ef2c72f1eef1ac4217e3868273c8b0da281bf632bc2a9668c754', 21, 1, 'authToken', '[]', 0, '2019-12-22 22:17:09', '2019-12-22 22:17:09', '2020-12-22 22:17:09'),
('11de0b3069b550eafb6c474068901f8214800ee6ddad7e3c1cee7c95e591c99fc72414cb5d55f75f', 22, 1, 'authToken', '[]', 0, '2019-12-22 22:52:30', '2019-12-22 22:52:30', '2020-12-22 22:52:30'),
('1dd4cf2bed42ff8002f9b7b8ecf6c63bc1e2b16ea75c758951023d046d7340b5026a1b1c26005306', 21, 1, 'authToken', '[]', 0, '2019-12-24 00:32:56', '2019-12-24 00:32:56', '2020-12-24 00:32:56'),
('4ae073c59ef306826c48c87f1359ab93a0a185af2f83f838bdc13f7a287de5578336cd4b4f3ed460', 22, 1, 'authToken', '[]', 0, '2019-12-24 00:58:14', '2019-12-24 00:58:14', '2020-12-24 00:58:14'),
('f922803420bf5b9af3037562ca651895424730a628e87ad76163a57026171a599c4dc9d5ca0362cc', 21, 1, 'authToken', '[]', 0, '2019-12-24 02:06:29', '2019-12-24 02:06:29', '2020-12-24 02:06:29'),
('8bbe84e09775e63c4762a84bdb6f774a93e195d6e3f3f311df7da33c9c2be34f06bd5564cfa1c2f9', 22, 1, 'authToken', '[]', 0, '2019-12-24 11:18:42', '2019-12-24 11:18:42', '2020-12-24 11:18:42'),
('0ea94b744054ffa2ba962201d4df4fbdb2d2f69261bd2569981fb753a671618d9f24b3f68d06515f', 21, 1, 'authToken', '[]', 0, '2019-12-24 16:49:03', '2019-12-24 16:49:03', '2020-12-24 16:49:03'),
('3159e911a347472f1069ef48fd36428ac1ba5168c6469beacb6f85968663241ccb010a6d78691190', 21, 1, 'authToken', '[]', 0, '2019-12-25 06:01:39', '2019-12-25 06:01:39', '2020-12-25 06:01:39'),
('2a58419aa33958e7cdb1db594196463ec635356a02b4eaab14925d34050534c5c4a1e4675a03bdc8', 22, 1, 'authToken', '[]', 0, '2019-12-25 15:15:50', '2019-12-25 15:15:50', '2020-12-25 15:15:50'),
('2285680018727543a73cfb4ac7321dec588f511740a926042bd33f3c62dea6b3a1ef98846de303c0', 22, 1, 'authToken', '[]', 0, '2019-12-26 16:46:06', '2019-12-26 16:46:06', '2020-12-26 16:46:06'),
('c0fe4398c56eb23b9668f606d13dd39bf1df9b45c5fbf135c1c027d6784df6b0454f671c03931c66', 21, 1, 'authToken', '[]', 0, '2019-12-26 20:00:02', '2019-12-26 20:00:02', '2020-12-26 20:00:02'),
('e488d75c20227835eeaa838738be04b29abb5e1197367c88f930f15b5bfcfba9bab0f9300b444fd7', 22, 1, 'authToken', '[]', 0, '2019-12-26 20:01:17', '2019-12-26 20:01:17', '2020-12-26 20:01:17'),
('f555e5246c88d0f62b31837d6f0adcf6760a5c8c966a019926de4168fadefdd7de4e5f740d60164f', 22, 1, 'authToken', '[]', 0, '2019-12-26 20:55:29', '2019-12-26 20:55:29', '2020-12-26 20:55:29'),
('5c681293cbeaf3634a2b514c13954e21bec6abb07ec2641570fd10c993b20d7529858ad239a33f8f', 21, 1, 'authToken', '[]', 0, '2019-12-26 20:56:18', '2019-12-26 20:56:18', '2020-12-26 20:56:18'),
('151f2151361f1b9a3a56ff048a33411622d150b0919af24e2e3196b2c244e49f9305488fb340cfc3', 22, 1, 'authToken', '[]', 0, '2019-12-26 20:59:36', '2019-12-26 20:59:36', '2020-12-26 20:59:36'),
('ee08b06a595765660b4f17a98d170276d2a43f76073f06c7b4a073ea3772c311598732963a01febd', 32, 1, 'authToken', '[]', 0, '2019-12-26 21:15:53', '2019-12-26 21:15:53', '2020-12-26 21:15:53'),
('5b14473ca8a795576a01a31ebd0153b1193a962609ff5f8fb0eb3630ca2a039c23d336740cdf491a', 21, 1, 'authToken', '[]', 0, '2019-12-28 10:07:35', '2019-12-28 10:07:35', '2020-12-28 10:07:35'),
('17fcf259bf316918b03813993c489de11cb20d834fdae1513024f266d953ecaa3f322a7c06b6926e', 21, 1, 'authToken', '[]', 0, '2019-12-28 11:11:54', '2019-12-28 11:11:54', '2020-12-28 11:11:54'),
('e77866b27e89e13c49ec2bd01399ca90ca591ca0b74fe01bbd2de29dcfd02db877e9ba63aa9cade9', 21, 1, 'authToken', '[]', 0, '2019-12-28 11:25:31', '2019-12-28 11:25:31', '2020-12-28 11:25:31'),
('55e75cc5c44f17d0232b8e291d8ca3fc000ae03565bb4531e71599a5ea6078d3908dcb36dd0fc703', 22, 1, 'authToken', '[]', 0, '2019-12-29 13:41:09', '2019-12-29 13:41:09', '2020-12-29 13:41:09'),
('2b2576f79d9d1595963232fd4261e773c3e68906e0b9c05057994b5c16cd47c5e114e32cb2413a88', 27, 1, 'authToken', '[]', 0, '2019-12-29 13:48:59', '2019-12-29 13:48:59', '2020-12-29 13:48:59'),
('b8b832b9f15c53fb04befe601afd1a53178ff36e5fb1a69c7a3829f621d7c3ee5fa1de6297084f28', 32, 1, 'authToken', '[]', 0, '2019-12-29 13:57:35', '2019-12-29 13:57:35', '2020-12-29 13:57:35'),
('aca72c74c32ca693d6215100059cc3953a7ce79640ae4168637ef5fd70a3c3ddc0ff2a689c0c6ed2', 30, 1, 'authToken', '[]', 0, '2019-12-29 13:59:40', '2019-12-29 13:59:40', '2020-12-29 13:59:40'),
('788493047c1402b4bd22de36424e92d41cd48e8e0bcdc31712626f2983ef3b611db9a0c397dd1df2', 30, 1, 'authToken', '[]', 0, '2019-12-29 14:25:48', '2019-12-29 14:25:48', '2020-12-29 14:25:48'),
('495581452d0c0e436c8aa236b7c711118f6d63ff5ab57254d1007571e78e58e9540be955b978a234', 29, 1, 'authToken', '[]', 0, '2019-12-29 14:33:46', '2019-12-29 14:33:46', '2020-12-29 14:33:46'),
('15d9c8792e01f11a45abd71cf208859fc3f444ca555718208cd333083ff68dc4a21a668eeb0fabcf', 23, 1, 'authToken', '[]', 0, '2019-12-29 14:35:04', '2019-12-29 14:35:04', '2020-12-29 14:35:04'),
('0194ef37c872bef909ccee523c2a256decfcd38dd28df9e11777dacd1cfc79786559d24a64ebd0a2', 27, 1, 'authToken', '[]', 0, '2019-12-29 14:36:08', '2019-12-29 14:36:08', '2020-12-29 14:36:08'),
('f3685e64ab38079a7cdb57acaa4fe1142a868d15cfa8fccc2a2a5e8f3aa2dbbc30b7c1ede5d4cd7a', 30, 1, 'authToken', '[]', 0, '2019-12-29 15:21:40', '2019-12-29 15:21:40', '2020-12-29 15:21:40'),
('774e633c8cbb830815cf96dc50a6e66ca90bc90ad8feda9ad28b6a22ddcd7a75b3fc41f1f1b46e26', 26, 1, 'authToken', '[]', 0, '2019-12-29 15:24:54', '2019-12-29 15:24:54', '2020-12-29 15:24:54'),
('6c21a592ed599432d4031453b90f043c63364e7b59c403671c11df0a02fd1da78a9ca21aeb6ba115', 25, 1, 'authToken', '[]', 0, '2019-12-29 15:30:50', '2019-12-29 15:30:50', '2020-12-29 15:30:50'),
('30cfef3a4d68fdfbf1be88cb7f1846885bfeb94189ab905bed6dc85a2e2ecefe0867719d1768971a', 27, 1, 'authToken', '[]', 0, '2019-12-29 15:31:56', '2019-12-29 15:31:56', '2020-12-29 15:31:56'),
('e96f88088a9fed6f7a5fcd2dd128780d581e87dbcf3c65664db634eb6b89440ca5b6844c034a111c', 21, 1, 'authToken', '[]', 0, '2019-12-29 16:03:17', '2019-12-29 16:03:17', '2020-12-29 16:03:17'),
('c8a6634ecb5ed81b86dfe781ffc0fc5e84000bb2adaf7782ff7665c8581433977be4fbc33d864403', 27, 1, 'authToken', '[]', 0, '2019-12-29 16:04:59', '2019-12-29 16:04:59', '2020-12-29 16:04:59'),
('16f00082ced2125f0b26f7663e0c3ecd7abfa7f3e2a0c63c49f0850b5553d24a76adc68ee517636b', 27, 1, 'authToken', '[]', 0, '2019-12-29 16:48:06', '2019-12-29 16:48:06', '2020-12-29 16:48:06'),
('bbb161253e6e42cbe9ff3650784638df8963361fcdd0d7d7d197a3ad7d936abd88be24d88e260da7', 29, 1, 'authToken', '[]', 0, '2019-12-29 16:48:28', '2019-12-29 16:48:28', '2020-12-29 16:48:28'),
('290ecc0135d54af98c567f9687039011219d379b9b8d84240f4380443d21cbb28e1d76045500fd83', 33, 1, 'authToken', '[]', 0, '2019-12-29 16:57:02', '2019-12-29 16:57:02', '2020-12-29 16:57:02'),
('ed74dfbd20718d3c4c24d473ddecf18f07634ee0f827e869b37724a6f94abed8ef1df86aca6f471f', 27, 1, 'authToken', '[]', 0, '2019-12-29 19:09:34', '2019-12-29 19:09:34', '2020-12-29 19:09:34'),
('4f486b44d3397ff1d7fb175be4e8d856a65ee0cd5a79b46292b560761249928804eac6439ca76862', 21, 1, 'authToken', '[]', 0, '2019-12-29 19:17:47', '2019-12-29 19:17:47', '2020-12-29 19:17:47'),
('133ca6bea40906fe7e1964a63fd3fa08b1ac6515d16933a42cfd5815cd20c23c6b53009935eeac2a', 27, 1, 'authToken', '[]', 0, '2019-12-29 19:21:31', '2019-12-29 19:21:31', '2020-12-29 19:21:31'),
('eef52a8f11f78d89f0f212fdae87e383f5120af9c92cec6f39a5c9dc8f34995baf17e748dbafed41', 21, 1, 'authToken', '[]', 0, '2019-12-31 03:21:38', '2019-12-31 03:21:38', '2020-12-31 03:21:38'),
('7955927a548287a4467924a92d7a76809242932644e53538613615af6ef44ea602dadabe83c0a1e4', 27, 1, 'authToken', '[]', 0, '2019-12-31 03:24:54', '2019-12-31 03:24:54', '2020-12-31 03:24:54'),
('2806649caa0fe5d7a92d36136be46e7cea160ceb08017081108bd6dc5df960240f8a6bed70215444', 27, 1, 'authToken', '[]', 0, '2019-12-31 03:27:01', '2019-12-31 03:27:01', '2020-12-31 03:27:01'),
('e95e2f2e32d850d33a661c79d8ca382abf7b9325b0877412bd1aa34f1c41025cbf83bcd20995978a', 27, 1, 'authToken', '[]', 0, '2019-12-31 04:12:02', '2019-12-31 04:12:02', '2020-12-31 04:12:02'),
('a9126457d3d22a1fcff4028ea5ab365c3a670d4b156f3d16faf3d3d95383879a4caeae7c79696176', 21, 1, 'authToken', '[]', 0, '2020-01-01 10:30:56', '2020-01-01 10:30:56', '2021-01-01 10:30:56'),
('d71348388f366da113c40e0387099369d1f476c849aa5fa0e1b9e1725a2b519392b3ec22f1e38acb', 21, 1, 'authToken', '[]', 0, '2020-01-01 10:45:41', '2020-01-01 10:45:41', '2021-01-01 10:45:41'),
('84fa3ce9e3e8f2158203c45c7661c0acc7c7606b42d0b1ad8c578357761ce048fb66f0ccef4ca7a1', 21, 1, 'authToken', '[]', 0, '2020-01-01 11:46:41', '2020-01-01 11:46:41', '2021-01-01 11:46:41'),
('a6276e8c26acc60015b55b92fc364d6202903f9c1d409ec0908bbc1cfeef4eed38e161798e5b69e4', 21, 1, 'authToken', '[]', 0, '2020-01-01 14:55:35', '2020-01-01 14:55:35', '2021-01-01 14:55:35'),
('554b59ca912f63491a9f89f6bb277a96b8a7cb8b734d7027c032aebcf681d8a64894296e02383b03', 27, 1, 'authToken', '[]', 0, '2020-01-01 15:22:58', '2020-01-01 15:22:58', '2021-01-01 15:22:58'),
('f4aef9cb98c143d096efecb80b94b49f138756c9b805d65645e05e15c9b7ccbf6c82cff4b111ee08', 21, 1, 'authToken', '[]', 0, '2020-01-01 15:28:12', '2020-01-01 15:28:12', '2021-01-01 15:28:12'),
('c811826beac962dc965e1bd79ada27b27ec95901c6cfdba0a9cb328fe7bfe7e45225db43588c789b', 27, 1, 'authToken', '[]', 0, '2020-01-01 15:29:07', '2020-01-01 15:29:07', '2021-01-01 15:29:07'),
('78715c67be7457d4b622e38c87ec5926acd72e9329f8f8c0893ece15b3272a7c548b7f4c09bb4f1e', 27, 1, 'authToken', '[]', 0, '2020-01-01 15:33:10', '2020-01-01 15:33:10', '2021-01-01 15:33:10'),
('7984e70c729e994672d877a84867848bb663f9002a3a375e3d6b4ebec3d85e08381a9a8b5a3cd9fd', 27, 1, 'authToken', '[]', 0, '2020-01-04 04:26:04', '2020-01-04 04:26:04', '2021-01-04 04:26:04'),
('d781fca3dc5335cf3c13f99fe25483bcb89d8f47a64e66f4ec4fed8e9e392eb2671967551352dcfe', 27, 1, 'authToken', '[]', 0, '2020-01-05 11:41:39', '2020-01-05 11:41:39', '2021-01-05 11:41:39'),
('fb7fda17ee26da9058af8574b6df72972c17b8f8ab6dfbf9e11741e5192d65b7e65e04c77a943ae1', 27, 1, 'authToken', '[]', 0, '2020-01-05 11:46:17', '2020-01-05 11:46:17', '2021-01-05 11:46:17'),
('a8beb53c49a37cab6c068cb2166ed8ebc035d08541c0a9b271da1d6809f91ece97107a398de0704d', 27, 1, 'authToken', '[]', 0, '2020-01-05 11:46:26', '2020-01-05 11:46:26', '2021-01-05 11:46:26'),
('57ab828cf3fb58dd81ce38b64366506924d23daf7f3ef4d9289bd2a1505cf6bba93c1b6eb7c4d538', 27, 1, 'authToken', '[]', 0, '2020-01-05 11:46:53', '2020-01-05 11:46:53', '2021-01-05 11:46:53'),
('9b4320991dd1a021d093dff3e2b87e980e743d94e1eb36fdb2607f89e717f9ebb79c135e78681bda', 27, 1, 'authToken', '[]', 0, '2020-01-05 11:47:38', '2020-01-05 11:47:38', '2021-01-05 11:47:38'),
('b95d887b3a718e8f3185bfa998670d4b2da8fab4b5edc0af446e94aef02269021891fd48d2384de5', 27, 1, 'authToken', '[]', 0, '2020-01-05 11:56:01', '2020-01-05 11:56:01', '2021-01-05 11:56:01'),
('1fdd5f015accfbdfa2826cfc1f003cfb103f60cf21f878866d908f5ab1b6563df10a95cac827fa36', 27, 1, 'authToken', '[]', 0, '2020-01-05 11:58:09', '2020-01-05 11:58:09', '2021-01-05 11:58:09'),
('dbd6eba004ad35a323a9c5af0f12480536f229fa1a60ed68d19bcbe7d135043ba3d5abaeda8e5349', 27, 1, 'authToken', '[]', 0, '2020-01-05 11:59:03', '2020-01-05 11:59:03', '2021-01-05 11:59:03'),
('6081e82aa21232c00b78ca827024d870f41cbff5ce9c6183c91aaba7973c9dfae50bb8729c97750f', 27, 1, 'authToken', '[]', 0, '2020-01-05 11:59:10', '2020-01-05 11:59:10', '2021-01-05 11:59:10'),
('4b2153ba1d6fb3704fbbf3c13b65718130c986b99a2213de1e6aed02432a9bf7a217fe5f904ca55d', 27, 1, 'authToken', '[]', 0, '2020-01-05 11:59:12', '2020-01-05 11:59:12', '2021-01-05 11:59:12'),
('0f3a1e8965f40fca6c338063b8dc39f6c2cf096d45603a4887a3bb0fbca3d646ef236e16ef4e11f4', 27, 1, 'authToken', '[]', 0, '2020-01-05 12:00:05', '2020-01-05 12:00:05', '2021-01-05 12:00:05'),
('c9ca285552f6fec852e82e15b2ae580f5cca003bfbcc58a61c283cf9b36f37b380aa0a3faf229b25', 27, 1, 'authToken', '[]', 0, '2020-01-05 12:00:37', '2020-01-05 12:00:37', '2021-01-05 12:00:37'),
('f3da7b45784fbdda6b59319b2c4dee507e59e91ece575f32ec6122f3f3116cf3a6aa434190514537', 27, 1, 'authToken', '[]', 0, '2020-01-05 12:02:18', '2020-01-05 12:02:18', '2021-01-05 12:02:18'),
('ce7ee58b078c11460d6019c0694aa603f4260c8220e7f2923be890a226f89082d285c8f8a406d136', 27, 1, 'authToken', '[]', 0, '2020-01-05 12:03:29', '2020-01-05 12:03:29', '2021-01-05 12:03:29'),
('ff1a0f18b3dc2ad5cc5e74e97711aaf9498fd1c18467b3f580ee05706e4c06dcd2de60b3a317c33c', 27, 1, 'authToken', '[]', 0, '2020-01-05 12:08:36', '2020-01-05 12:08:36', '2021-01-05 12:08:36'),
('b6a85f5eed5ad2ab9e7a4ee95abbd760dd318b256b8716c56d3356a20c1358f2aca5f67195b423ed', 27, 1, 'authToken', '[]', 0, '2020-01-05 12:09:13', '2020-01-05 12:09:13', '2021-01-05 12:09:13'),
('b3455cf57d66d624f1d91caf864b977ffc0d5751c983ec45c5d0f6dffcd6518b0a8c87893120e111', 27, 1, 'authToken', '[]', 0, '2020-01-05 12:10:14', '2020-01-05 12:10:14', '2021-01-05 12:10:14'),
('0b762e1fd21b0f2006e8ac3826d4459a4c5263c459cc37bd01abe579911b723dbcc291df6432a5f1', 27, 1, 'authToken', '[]', 0, '2020-01-09 19:03:44', '2020-01-09 19:03:44', '2021-01-09 19:03:44'),
('35840c4a8b925c3aa78a7171014d068c1067249af1b82c8a60a9f8c408f07f037a6508da1af91351', 27, 1, 'authToken', '[]', 0, '2020-01-10 15:28:55', '2020-01-10 15:28:55', '2021-01-10 15:28:55'),
('776ec25e407cdbfc3e00c507e20255de5c5505069920d9cf83c7a5be1cb53f3c482e80cd0959d3a9', 21, 1, 'authToken', '[]', 0, '2020-01-11 06:27:54', '2020-01-11 06:27:54', '2021-01-11 06:27:54'),
('0180888e592f73f91286d1f6b15116149c22f86d1f1f7eaba29ba5a44c82bc09047306ed30561728', 27, 1, 'authToken', '[]', 0, '2020-01-11 06:35:24', '2020-01-11 06:35:24', '2021-01-11 06:35:24'),
('dce654d426d3ea120b5ca239452f3d8238955d92112371cb9f110e1ae30eda27dd622523152feca5', 21, 1, 'authToken', '[]', 0, '2020-01-20 18:11:17', '2020-01-20 18:11:17', '2021-01-20 18:11:17'),
('d505e343ef53f147e0ae090ba514f39167edb7c56423c64f1320ff8f3df7513e1c03de15278f440d', 21, 1, 'authToken', '[]', 0, '2020-01-20 18:23:28', '2020-01-20 18:23:28', '2021-01-20 18:23:28'),
('c79b1b9c0e6ac34408d69fc5844d36e8ae9ab5bb8a0eeb627d447b28e13d3093ddcf1e4df21700c1', 27, 1, 'authToken', '[]', 0, '2020-01-26 12:59:37', '2020-01-26 12:59:37', '2021-01-26 12:59:37'),
('e46c26ca8340417e4ad7548e2f505dd73a81157436d35fba9b051d88a4199ac25cee35081034131c', 21, 1, 'authToken', '[]', 0, '2020-01-26 21:11:34', '2020-01-26 21:11:34', '2021-01-26 21:11:34'),
('6771f1f303b6445522788e658e661f63b49095daa94a25e345b4c9e86a37aabfdb3d5a8658fdd874', 21, 1, 'authToken', '[]', 0, '2020-03-23 22:36:16', '2020-03-23 22:36:16', '2021-03-23 22:36:16'),
('9397d79d6ff42ebfe35189f01a8031e735c0e2231a2836d6903ff981427ecb853bd9bd0b7bcd4c99', 21, 1, 'authToken', '[]', 0, '2020-03-25 10:42:10', '2020-03-25 10:42:10', '2021-03-25 10:42:10'),
('a8689f025fd250ea26fbb817e6bedb35ba922fead44d59df21f5c4efe681a130c279e3b45e09a0e6', 27, 1, 'authToken', '[]', 0, '2020-03-25 10:42:44', '2020-03-25 10:42:44', '2021-03-25 10:42:44'),
('428ea6d47b35e023f455ea94676747aae3ba037e96944244a3101a22d059c4f5a41b9ad8158004dc', 21, 1, 'authToken', '[]', 0, '2020-03-27 19:04:06', '2020-03-27 19:04:06', '2021-03-27 19:04:06'),
('26ac79013d3b8175c6a09eb195da095fcadb33f868ae0d1b594a9db0fd28427157af77dc8864bc5d', 21, 1, 'authToken', '[]', 0, '2020-03-27 19:05:20', '2020-03-27 19:05:20', '2021-03-27 19:05:20'),
('b38916f51fb619b86473d30d4af9351ac121a09f2fa7bcda223eb6ef5cab582b357f7a18454ca441', 27, 1, 'authToken', '[]', 0, '2020-03-27 19:38:18', '2020-03-27 19:38:18', '2021-03-27 19:38:18'),
('615031d47ea4ba91101ccefd9b4ba2eabedc9901a5cbfad8ebfdd1c18564f660981a2124ba86cf17', 21, 1, 'authToken', '[]', 0, '2020-03-27 19:45:36', '2020-03-27 19:45:36', '2021-03-27 19:45:36'),
('5762fe2700da651ec121ca4abc07148e41df0bac0c2a8cc806f372c16b8c91af58a6f7bb43e0685c', 21, 1, 'authToken', '[]', 0, '2020-04-02 10:28:22', '2020-04-02 10:28:22', '2021-04-02 11:28:22'),
('b4849c20441e979a6a9f3c8c43f08c0b6399201ac0adc56205cdc078a987fe37640b67405e943423', 21, 1, 'authToken', '[]', 0, '2020-04-02 11:07:47', '2020-04-02 11:07:47', '2021-04-02 12:07:47'),
('5fef15c5e27f16c62f891a17293363f6f21000275bf7e8ebf69b7b10e8f97081a6c5cd58c3ce25bb', 34, 1, 'authToken', '[]', 0, '2020-04-04 14:38:56', '2020-04-04 14:38:56', '2021-04-04 15:38:56');

-- --------------------------------------------------------

--
-- Table structure for table `oauth_auth_codes`
--

CREATE TABLE IF NOT EXISTS `oauth_auth_codes` (
  `id` varchar(100) COLLATE utf8mb4_unicode_ci NOT NULL,
  `user_id` bigint(20) NOT NULL,
  `client_id` int(10) unsigned NOT NULL,
  `scopes` text COLLATE utf8mb4_unicode_ci,
  `revoked` tinyint(1) NOT NULL,
  `expires_at` datetime DEFAULT NULL
) ENGINE=MyISAM DEFAULT CHARSET=utf8mb4 COLLATE=utf8mb4_unicode_ci;

-- --------------------------------------------------------

--
-- Table structure for table `oauth_clients`
--

CREATE TABLE IF NOT EXISTS `oauth_clients` (
  `id` int(10) unsigned NOT NULL,
  `user_id` bigint(20) DEFAULT NULL,
  `name` varchar(191) COLLATE utf8mb4_unicode_ci NOT NULL,
  `secret` varchar(100) COLLATE utf8mb4_unicode_ci NOT NULL,
  `redirect` text COLLATE utf8mb4_unicode_ci NOT NULL,
  `personal_access_client` tinyint(1) NOT NULL,
  `password_client` tinyint(1) NOT NULL,
  `revoked` tinyint(1) NOT NULL,
  `created_at` timestamp NULL DEFAULT NULL,
  `updated_at` timestamp NULL DEFAULT NULL
) ENGINE=MyISAM AUTO_INCREMENT=3 DEFAULT CHARSET=utf8mb4 COLLATE=utf8mb4_unicode_ci;

--
-- Dumping data for table `oauth_clients`
--

INSERT INTO `oauth_clients` (`id`, `user_id`, `name`, `secret`, `redirect`, `personal_access_client`, `password_client`, `revoked`, `created_at`, `updated_at`) VALUES
(1, NULL, 'Laravel Personal Access Client', 'a3zcfsQDq2rJAl8xezoZxIjFRkEYv4h3WHemoQw5', 'http://localhost', 1, 0, 0, '2019-12-04 19:31:26', '2019-12-04 19:31:26'),
(2, NULL, 'Laravel Password Grant Client', '0eSAJsbtEjVfjBQJiyKUEgcHcsZKqSUv79XapAbQ', 'http://localhost', 0, 1, 0, '2019-12-04 19:31:26', '2019-12-04 19:31:26');

-- --------------------------------------------------------

--
-- Table structure for table `oauth_personal_access_clients`
--

CREATE TABLE IF NOT EXISTS `oauth_personal_access_clients` (
  `id` int(10) unsigned NOT NULL,
  `client_id` int(10) unsigned NOT NULL,
  `created_at` timestamp NULL DEFAULT NULL,
  `updated_at` timestamp NULL DEFAULT NULL
) ENGINE=MyISAM AUTO_INCREMENT=2 DEFAULT CHARSET=utf8mb4 COLLATE=utf8mb4_unicode_ci;

--
-- Dumping data for table `oauth_personal_access_clients`
--

INSERT INTO `oauth_personal_access_clients` (`id`, `client_id`, `created_at`, `updated_at`) VALUES
(1, 1, '2019-12-04 19:31:26', '2019-12-04 19:31:26');

-- --------------------------------------------------------

--
-- Table structure for table `oauth_refresh_tokens`
--

CREATE TABLE IF NOT EXISTS `oauth_refresh_tokens` (
  `id` varchar(100) COLLATE utf8mb4_unicode_ci NOT NULL,
  `access_token_id` varchar(100) COLLATE utf8mb4_unicode_ci NOT NULL,
  `revoked` tinyint(1) NOT NULL,
  `expires_at` datetime DEFAULT NULL
) ENGINE=MyISAM DEFAULT CHARSET=utf8mb4 COLLATE=utf8mb4_unicode_ci;

-- --------------------------------------------------------

--
-- Table structure for table `password_resets`
--

CREATE TABLE IF NOT EXISTS `password_resets` (
  `email` varchar(191) COLLATE utf8mb4_unicode_ci NOT NULL,
  `token` varchar(191) COLLATE utf8mb4_unicode_ci NOT NULL,
  `created_at` timestamp NULL DEFAULT NULL
) ENGINE=MyISAM DEFAULT CHARSET=utf8mb4 COLLATE=utf8mb4_unicode_ci;

-- --------------------------------------------------------

--
-- Table structure for table `profiles`
--

CREATE TABLE IF NOT EXISTS `profiles` (
  `id` bigint(20) unsigned NOT NULL,
  `user_id` bigint(20) unsigned NOT NULL,
  `title` varchar(191) COLLATE utf8mb4_unicode_ci DEFAULT NULL,
  `description` text COLLATE utf8mb4_unicode_ci,
  `url` varchar(191) COLLATE utf8mb4_unicode_ci DEFAULT NULL,
  `profile_image` varchar(200) COLLATE utf8mb4_unicode_ci DEFAULT NULL,
  `profile_image_thumbnail` varchar(200) COLLATE utf8mb4_unicode_ci DEFAULT NULL,
  `location` text COLLATE utf8mb4_unicode_ci,
  `latitude` varchar(200) COLLATE utf8mb4_unicode_ci DEFAULT NULL,
  `longitude` varchar(200) COLLATE utf8mb4_unicode_ci DEFAULT NULL,
  `created_at` timestamp NULL DEFAULT NULL,
  `updated_at` timestamp NULL DEFAULT NULL
) ENGINE=MyISAM AUTO_INCREMENT=35 DEFAULT CHARSET=utf8mb4 COLLATE=utf8mb4_unicode_ci;

--
-- Dumping data for table `profiles`
--

INSERT INTO `profiles` (`id`, `user_id`, `title`, `description`, `url`, `profile_image`, `profile_image_thumbnail`, `location`, `latitude`, `longitude`, `created_at`, `updated_at`) VALUES
(1, 1, 'jessika18', NULL, NULL, NULL, NULL, NULL, NULL, NULL, '2019-12-04 19:32:44', '2019-12-04 19:32:44'),
(2, 2, 'julia.champlin', NULL, NULL, NULL, NULL, NULL, NULL, NULL, '2019-12-04 19:32:44', '2019-12-04 19:32:44'),
(3, 3, 'kaycee.auer', NULL, NULL, NULL, NULL, NULL, NULL, NULL, '2019-12-04 19:32:44', '2019-12-04 19:32:44'),
(4, 4, 'fay.murray', NULL, NULL, NULL, NULL, NULL, NULL, NULL, '2019-12-04 19:32:44', '2019-12-04 19:32:44'),
(5, 5, 'callie.wintheiser', NULL, NULL, NULL, NULL, NULL, NULL, NULL, '2019-12-04 19:32:44', '2019-12-04 19:32:44'),
(6, 6, 'esmeralda34', NULL, NULL, NULL, NULL, NULL, NULL, NULL, '2019-12-04 19:32:44', '2019-12-04 19:32:44'),
(7, 7, 'weimann.fernando', NULL, NULL, NULL, NULL, NULL, NULL, NULL, '2019-12-04 19:32:44', '2019-12-04 19:32:44'),
(8, 8, 'gerhold.eldred', NULL, NULL, NULL, NULL, NULL, NULL, NULL, '2019-12-04 19:32:44', '2019-12-04 19:32:44'),
(9, 9, 'greta.borer', NULL, NULL, NULL, NULL, NULL, NULL, NULL, '2019-12-04 19:32:44', '2019-12-04 19:32:44'),
(10, 10, 'ihoeger', NULL, NULL, NULL, NULL, NULL, NULL, NULL, '2019-12-04 19:32:44', '2019-12-04 19:32:44'),
(11, 11, 'damien.kris', NULL, NULL, NULL, NULL, NULL, NULL, NULL, '2019-12-04 19:32:44', '2019-12-04 19:32:44'),
(12, 12, 'paucek.fatima', NULL, NULL, NULL, NULL, NULL, NULL, NULL, '2019-12-04 19:32:44', '2019-12-04 19:32:44'),
(13, 13, 'tessie.heidenreich', NULL, NULL, NULL, NULL, NULL, NULL, NULL, '2019-12-04 19:32:44', '2019-12-04 19:32:44'),
(14, 14, 'murl92', NULL, NULL, NULL, NULL, NULL, NULL, NULL, '2019-12-04 19:32:44', '2019-12-04 19:32:44'),
(15, 15, 'wcrona', NULL, NULL, NULL, NULL, NULL, NULL, NULL, '2019-12-04 19:32:44', '2019-12-04 19:32:44'),
(16, 16, 'schmitt.piper', NULL, NULL, NULL, NULL, NULL, NULL, NULL, '2019-12-04 19:32:44', '2019-12-04 19:32:44'),
(17, 17, 'emmerich.ignacio', NULL, NULL, NULL, NULL, NULL, NULL, NULL, '2019-12-04 19:32:44', '2019-12-04 19:32:44'),
(18, 18, 'wintheiser.miles', NULL, NULL, NULL, NULL, NULL, NULL, NULL, '2019-12-04 19:32:44', '2019-12-04 19:32:44'),
(19, 19, 'glover.magdalena', NULL, NULL, NULL, NULL, NULL, NULL, NULL, '2019-12-04 19:32:44', '2019-12-04 19:32:44'),
(20, 20, 'madison.bahringer', NULL, NULL, NULL, NULL, NULL, NULL, NULL, '2019-12-04 19:32:44', '2019-12-04 19:32:44'),
(21, 21, 'ibrahim yekeen olamilekan', 'This is jst a little about me', 'ismartnaija.ng', 'profile_images/cigLpQBgHbTzPLJmBxiX4g8aqDqRxkiJROZrz6nz.jpeg', 'profile_images/thumbnail/ismartnaija_dp_small_.jpg', NULL, NULL, NULL, '2019-12-04 19:33:47', '2020-03-27 19:53:04'),
(22, 22, 'musa issa', 'blogger and entertainer', 'http://musablog.com', NULL, NULL, 'Calabar - Ikang Rd, Akim Qua Town, Calabar, Nigeria', '4.9639574', '8.332971', '2019-12-15 09:30:20', '2019-12-29 13:47:21'),
(23, 23, 'ebele', NULL, NULL, NULL, NULL, NULL, NULL, NULL, '2019-12-17 12:11:27', '2019-12-17 12:11:27'),
(24, 24, 'new', NULL, NULL, NULL, NULL, NULL, NULL, NULL, '2019-12-17 12:13:32', '2019-12-17 12:13:32'),
(25, 25, 'nn', NULL, NULL, NULL, NULL, NULL, NULL, NULL, '2019-12-17 12:15:10', '2019-12-17 12:15:10'),
(26, 26, 'my', NULL, NULL, NULL, NULL, NULL, NULL, NULL, '2019-12-17 12:21:03', '2019-12-17 12:21:03'),
(27, 27, 'testing', NULL, NULL, 'profile_images/BiMEBAGp7dyI8DXSZ0NhU7GYKM9TYFlPJeJ6hNv1.jpeg', 'profile_images/thumbnail/test_dp_small_.jpg', NULL, NULL, NULL, '2019-12-17 12:48:53', '2020-01-09 19:03:15'),
(28, 28, 'musaa', NULL, NULL, NULL, NULL, NULL, NULL, NULL, '2019-12-17 12:50:04', '2019-12-17 12:50:04'),
(29, 29, 'nana', NULL, NULL, NULL, NULL, NULL, NULL, NULL, '2019-12-17 12:56:05', '2019-12-29 16:55:50'),
(30, 30, 'sta', NULL, NULL, NULL, NULL, NULL, NULL, NULL, '2019-12-17 13:50:07', '2019-12-17 16:47:54'),
(31, 31, 'beauty_queen', NULL, NULL, NULL, NULL, NULL, NULL, NULL, '2019-12-20 18:08:26', '2019-12-20 18:10:51'),
(32, 32, 'doe John', NULL, NULL, NULL, NULL, NULL, NULL, NULL, '2019-12-26 21:15:53', '2019-12-26 21:27:55'),
(33, 33, 'my name', NULL, NULL, NULL, NULL, NULL, NULL, NULL, '2019-12-29 16:57:02', '2019-12-29 16:58:23'),
(34, 34, 'mie', NULL, NULL, NULL, NULL, NULL, NULL, NULL, '2020-04-04 14:38:54', '2020-04-04 14:38:54');

-- --------------------------------------------------------

--
-- Table structure for table `users`
--

CREATE TABLE IF NOT EXISTS `users` (
  `id` bigint(20) unsigned NOT NULL,
  `username` varchar(191) COLLATE utf8mb4_unicode_ci NOT NULL,
  `fullname` varchar(191) COLLATE utf8mb4_unicode_ci DEFAULT NULL,
  `phone_number` varchar(191) COLLATE utf8mb4_unicode_ci DEFAULT NULL,
  `email` varchar(191) COLLATE utf8mb4_unicode_ci NOT NULL,
  `email_verified_at` timestamp NULL DEFAULT NULL,
  `s_password` varchar(191) COLLATE utf8mb4_unicode_ci NOT NULL,
  `password` varchar(191) COLLATE utf8mb4_unicode_ci NOT NULL,
  `remember_token` varchar(100) COLLATE utf8mb4_unicode_ci DEFAULT NULL,
  `created_at` timestamp NULL DEFAULT NULL,
  `updated_at` timestamp NULL DEFAULT NULL
) ENGINE=MyISAM AUTO_INCREMENT=35 DEFAULT CHARSET=utf8mb4 COLLATE=utf8mb4_unicode_ci;

--
-- Dumping data for table `users`
--

INSERT INTO `users` (`id`, `username`, `fullname`, `phone_number`, `email`, `email_verified_at`, `s_password`, `password`, `remember_token`, `created_at`, `updated_at`) VALUES
(1, 'jessika18', 'Nicola Cassin', '251-749-9163', 'osbaldo.king@example.com', '2019-12-04 19:32:43', 'password', '$2y$10$92IXUNpkjO0rOQ5byMi.Ye4oKoEa3Ro9llC/.og/at2.uheWG/igi', 'ArgTUWHkeS', '2019-12-04 19:32:44', '2019-12-04 19:32:44'),
(2, 'julia.champlin', 'Alford Boyer', '(326) 932-8453', 'ttreutel@example.com', '2019-12-04 19:32:43', 'password', '$2y$10$92IXUNpkjO0rOQ5byMi.Ye4oKoEa3Ro9llC/.og/at2.uheWG/igi', 'be8vF2o50L', '2019-12-04 19:32:44', '2019-12-04 19:32:44'),
(3, 'kaycee.auer', 'Romaine Greenfelder', '+1.213.790.9693', 'vmurazik@example.com', '2019-12-04 19:32:43', 'password', '$2y$10$92IXUNpkjO0rOQ5byMi.Ye4oKoEa3Ro9llC/.og/at2.uheWG/igi', '4WzVPyprKy', '2019-12-04 19:32:44', '2019-12-04 19:32:44'),
(4, 'fay.murray', 'Bruce Stark DDS', '+1.338.894.2988', 'elliot.marvin@example.net', '2019-12-04 19:32:43', 'password', '$2y$10$92IXUNpkjO0rOQ5byMi.Ye4oKoEa3Ro9llC/.og/at2.uheWG/igi', 'Eqcr0LACYc', '2019-12-04 19:32:44', '2019-12-04 19:32:44'),
(5, 'callie.wintheiser', 'Tad Pfeffer', '+1-778-422-2615', 'doyle.shields@example.net', '2019-12-04 19:32:43', 'password', '$2y$10$92IXUNpkjO0rOQ5byMi.Ye4oKoEa3Ro9llC/.og/at2.uheWG/igi', 'P9QhdYIw6f', '2019-12-04 19:32:44', '2019-12-04 19:32:44'),
(6, 'esmeralda34', 'Mr. Lonny Reilly', '957.593.9897', 'ekling@example.org', '2019-12-04 19:32:43', 'password', '$2y$10$92IXUNpkjO0rOQ5byMi.Ye4oKoEa3Ro9llC/.og/at2.uheWG/igi', 'hXHPB0uNqn', '2019-12-04 19:32:44', '2019-12-04 19:32:44'),
(7, 'weimann.fernando', 'Mr. Johnathan VonRueden', '(350) 781-8906', 'jordyn.koepp@example.org', '2019-12-04 19:32:43', 'password', '$2y$10$92IXUNpkjO0rOQ5byMi.Ye4oKoEa3Ro9llC/.og/at2.uheWG/igi', 'E1VU5Dppdy', '2019-12-04 19:32:44', '2019-12-04 19:32:44'),
(8, 'gerhold.eldred', 'Miss Christelle King', '(701) 513-5628 x1443', 'mccullough.laurence@example.com', '2019-12-04 19:32:44', 'password', '$2y$10$92IXUNpkjO0rOQ5byMi.Ye4oKoEa3Ro9llC/.og/at2.uheWG/igi', 'YL92aEiScO', '2019-12-04 19:32:44', '2019-12-04 19:32:44'),
(9, 'greta.borer', 'Mathias Braun', '1-834-890-0366 x46350', 'fshields@example.com', '2019-12-04 19:32:44', 'password', '$2y$10$92IXUNpkjO0rOQ5byMi.Ye4oKoEa3Ro9llC/.og/at2.uheWG/igi', 'TjiwRyh56p', '2019-12-04 19:32:44', '2019-12-04 19:32:44'),
(10, 'ihoeger', 'Frieda Funk', '1-442-544-9211 x17151', 'schowalter.elijah@example.com', '2019-12-04 19:32:44', 'password', '$2y$10$92IXUNpkjO0rOQ5byMi.Ye4oKoEa3Ro9llC/.og/at2.uheWG/igi', 'WIUf0FdeGc', '2019-12-04 19:32:44', '2019-12-04 19:32:44'),
(11, 'damien.kris', 'Daija Heidenreich', '(749) 234-6498', 'bethany.gutkowski@example.org', '2019-12-04 19:32:44', 'password', '$2y$10$92IXUNpkjO0rOQ5byMi.Ye4oKoEa3Ro9llC/.og/at2.uheWG/igi', '9xmKU1eKBb', '2019-12-04 19:32:44', '2019-12-04 19:32:44'),
(12, 'paucek.fatima', 'Anastasia Jacobson', '+1-678-641-6001', 'bill.terry@example.net', '2019-12-04 19:32:44', 'password', '$2y$10$92IXUNpkjO0rOQ5byMi.Ye4oKoEa3Ro9llC/.og/at2.uheWG/igi', 'Aaz2TdRSin', '2019-12-04 19:32:44', '2019-12-04 19:32:44'),
(13, 'tessie.heidenreich', 'Carey Block', '1-414-879-8654 x24423', 'javon13@example.net', '2019-12-04 19:32:44', 'password', '$2y$10$92IXUNpkjO0rOQ5byMi.Ye4oKoEa3Ro9llC/.og/at2.uheWG/igi', 'Ux6wNHBqNM', '2019-12-04 19:32:44', '2019-12-04 19:32:44'),
(14, 'murl92', 'Brian Franecki', '885-421-4073 x61736', 'rcorwin@example.com', '2019-12-04 19:32:44', 'password', '$2y$10$92IXUNpkjO0rOQ5byMi.Ye4oKoEa3Ro9llC/.og/at2.uheWG/igi', 'k060nglWi6', '2019-12-04 19:32:44', '2019-12-04 19:32:44'),
(15, 'wcrona', 'Dr. Eveline Rempel Sr.', '248-641-1268', 'hcorkery@example.org', '2019-12-04 19:32:44', 'password', '$2y$10$92IXUNpkjO0rOQ5byMi.Ye4oKoEa3Ro9llC/.og/at2.uheWG/igi', 'oNguQeEXSP', '2019-12-04 19:32:44', '2019-12-04 19:32:44'),
(16, 'schmitt.piper', 'Xander Nitzsche', '697.536.4185', 'kohler.blanche@example.net', '2019-12-04 19:32:44', 'password', '$2y$10$92IXUNpkjO0rOQ5byMi.Ye4oKoEa3Ro9llC/.og/at2.uheWG/igi', 'MVyQnPFjLB', '2019-12-04 19:32:44', '2019-12-04 19:32:44'),
(17, 'emmerich.ignacio', 'Clementine Fadel', '(956) 315-5846', 'creynolds@example.net', '2019-12-04 19:32:44', 'password', '$2y$10$92IXUNpkjO0rOQ5byMi.Ye4oKoEa3Ro9llC/.og/at2.uheWG/igi', 'rGabbAoSxE', '2019-12-04 19:32:44', '2019-12-04 19:32:44'),
(18, 'wintheiser.miles', 'Ms. Nola Hirthe', '435.531.3846 x5994', 'idella.schultz@example.com', '2019-12-04 19:32:44', 'password', '$2y$10$92IXUNpkjO0rOQ5byMi.Ye4oKoEa3Ro9llC/.og/at2.uheWG/igi', 'ljvGDGyfa4', '2019-12-04 19:32:44', '2019-12-04 19:32:44'),
(19, 'glover.magdalena', 'Francisco Rice III', '474.201.2243', 'lavada.rutherford@example.org', '2019-12-04 19:32:44', 'password', '$2y$10$92IXUNpkjO0rOQ5byMi.Ye4oKoEa3Ro9llC/.og/at2.uheWG/igi', '6a2tC9yUH9', '2019-12-04 19:32:44', '2019-12-04 19:32:44'),
(20, 'madison.bahringer', 'Stephen Kuvalis', '979.805.8327 x2065', 'luettgen.earlene@example.net', '2019-12-04 19:32:44', 'password', '$2y$10$92IXUNpkjO0rOQ5byMi.Ye4oKoEa3Ro9llC/.og/at2.uheWG/igi', 'WQGtnGot4d', '2019-12-04 19:32:44', '2019-12-04 19:32:44'),
(21, 'ismartnaija', 'ibrahim yekeen olamilekan', '07038858824', 'ismartnaija@gmail.com', NULL, 'indiana', '$2y$10$LKe7iWFM9gbW0td8EWcZ6OCIuGryuoI4Ommk5E7BISLW2IuUey7sy', NULL, '2019-12-04 19:33:47', '2020-01-01 15:04:48'),
(22, 'musa', 'musa issa', '08038858825', 'musa@gmail.com', NULL, 'indiana', '$2y$10$SzBV.ega0dmfCXbgcHHe3ev7Jr6zMscYD.ARzrnvnpsDtsgyfD/0y', NULL, '2019-12-15 09:30:20', '2019-12-29 13:47:21'),
(23, 'ebele', NULL, '08036710424', 'ebele@gmail.com', NULL, 'indiana', '$2y$10$fnrv5IkjXravumzY5zFbfuWieXnFrJL67PnZyNoIk83MYdbNbrtJe', NULL, '2019-12-17 12:11:27', '2019-12-17 12:11:33'),
(24, 'new', NULL, '0802542865', 'new@gmail.com', NULL, 'indiana', '$2y$10$HIeNzhkgwWZn5I4a5mFwO.vHT525VBiH70ZYbn2BXp8qjJufh9agO', NULL, '2019-12-17 12:13:32', '2019-12-17 12:13:37'),
(25, 'nn', NULL, '556888855', 'nn@gmail.com', NULL, 'indiana', '$2y$10$7Dhjx4GdbbXKw9m3HGcwYuplul4gFsvzNqmoJSSKPE6Kddk4haSEu', NULL, '2019-12-17 12:15:10', '2019-12-17 12:15:15'),
(26, 'my', NULL, '88955585', 'my@gmail.com', NULL, 'indiana', '$2y$10$nYDIj4e7ZUxFRB6aur5qGe3z2Upn7vHVdCDF3dSpmKNH.tKWwVGXW', NULL, '2019-12-17 12:21:03', '2019-12-17 12:21:08'),
(27, 'test', 'testing', '0808757575', 'test@gmail.com', NULL, 'indiana', '$2y$10$ngfj1d3P5ry6MpzQ0NoLCu09EKFj0oYsGO8YxQmKQdKpQPVHZl/NS', NULL, '2019-12-17 12:48:53', '2019-12-29 15:17:06'),
(28, 'musaa', NULL, NULL, 'musaa@gmail.com', NULL, 'indiana', '$2y$10$NykQ/sEmCQJWJ9LAtTIcbugyXfM745HPYgW19jPYwSstJHjTQrrL.', NULL, '2019-12-17 12:50:04', '2019-12-17 12:50:04'),
(29, 'n', 'nana', '0807845404', 'n@gmail.com', NULL, 'indiana', '$2y$10$YQsT3aXRdB2Mq7TfnjU1.eLPxDjpISctwTO25Eeb02Rq7TKySsGY6', NULL, '2019-12-17 12:56:05', '2019-12-29 16:55:50'),
(30, 'mm', 'sta', '07038858827', 'mm@gmail.com', NULL, 'indiana', '$2y$10$v5SdgJlAEp7odRxSxSyr4OHMHLKxCVngM7cJCVUlrXw0WEgp6m/Ra', NULL, '2019-12-17 13:50:07', '2019-12-17 16:47:54'),
(31, 'officialbeauty_queen', 'beauty_queen', '08117978898', 'shalombeauty05@gmail.com', NULL, 'sbt123at', '$2y$10$kpagDBnQ6KwpWbD2kJd0Q.S0SlrGvN37M0UASKLhEZbkGydlomoUy', NULL, '2019-12-20 18:08:26', '2019-12-20 18:10:51'),
(32, 'doe', 'doe John', '080378465', 'doe@gmail.com', NULL, 'indiana', '$2y$10$x9CgYWlg0W//VyuABTfH0etltUXyzaK.SUasKpnZ/4.EHGxQYA/1q', NULL, '2019-12-26 21:15:53', '2019-12-26 21:27:55'),
(33, 'myname', 'my name', '0803674142', 'myname@gmail.com', NULL, 'indiana', '$2y$10$J5WhDGr2hQ0nCCll3SZ.7erVPy2wne6x2NkrQP1h2qA9TjkOSNFIa', NULL, '2019-12-29 16:57:02', '2019-12-29 16:58:23'),
(34, 'mie', 'mie', NULL, 'mie@gmail.com', NULL, 'indiana', '$2y$10$Dwaaa6MddqAg2SFKSGTWHuUkmEZPYahPJiiqJLFrnZbNrsdc3jouq', NULL, '2020-04-04 14:38:53', '2020-04-04 14:38:53');

--
-- Indexes for dumped tables
--

--
-- Indexes for table `chats`
--
ALTER TABLE `chats`
  ADD PRIMARY KEY (`id`),
  ADD KEY `chats_sender_id_index` (`sender_id`),
  ADD KEY `chats_reciever_id_index` (`reciever_id`);

--
-- Indexes for table `follower`
--
ALTER TABLE `follower`
  ADD PRIMARY KEY (`id`);

--
-- Indexes for table `migrations`
--
ALTER TABLE `migrations`
  ADD PRIMARY KEY (`id`);

--
-- Indexes for table `oauth_access_tokens`
--
ALTER TABLE `oauth_access_tokens`
  ADD PRIMARY KEY (`id`),
  ADD KEY `oauth_access_tokens_user_id_index` (`user_id`);

--
-- Indexes for table `oauth_auth_codes`
--
ALTER TABLE `oauth_auth_codes`
  ADD PRIMARY KEY (`id`);

--
-- Indexes for table `oauth_clients`
--
ALTER TABLE `oauth_clients`
  ADD PRIMARY KEY (`id`),
  ADD KEY `oauth_clients_user_id_index` (`user_id`);

--
-- Indexes for table `oauth_personal_access_clients`
--
ALTER TABLE `oauth_personal_access_clients`
  ADD PRIMARY KEY (`id`),
  ADD KEY `oauth_personal_access_clients_client_id_index` (`client_id`);

--
-- Indexes for table `oauth_refresh_tokens`
--
ALTER TABLE `oauth_refresh_tokens`
  ADD PRIMARY KEY (`id`),
  ADD KEY `oauth_refresh_tokens_access_token_id_index` (`access_token_id`);

--
-- Indexes for table `password_resets`
--
ALTER TABLE `password_resets`
  ADD KEY `password_resets_email_index` (`email`);

--
-- Indexes for table `profiles`
--
ALTER TABLE `profiles`
  ADD PRIMARY KEY (`id`),
  ADD KEY `profiles_user_id_index` (`user_id`);

--
-- Indexes for table `users`
--
ALTER TABLE `users`
  ADD PRIMARY KEY (`id`),
  ADD UNIQUE KEY `users_username_unique` (`username`),
  ADD UNIQUE KEY `users_email_unique` (`email`),
  ADD UNIQUE KEY `users_phone_number_unique` (`phone_number`);

--
-- AUTO_INCREMENT for dumped tables
--

--
-- AUTO_INCREMENT for table `chats`
--
ALTER TABLE `chats`
  MODIFY `id` bigint(20) unsigned NOT NULL AUTO_INCREMENT,AUTO_INCREMENT=26;
--
-- AUTO_INCREMENT for table `follower`
--
ALTER TABLE `follower`
  MODIFY `id` bigint(20) unsigned NOT NULL AUTO_INCREMENT,AUTO_INCREMENT=51;
--
-- AUTO_INCREMENT for table `migrations`
--
ALTER TABLE `migrations`
  MODIFY `id` int(10) unsigned NOT NULL AUTO_INCREMENT,AUTO_INCREMENT=24;
--
-- AUTO_INCREMENT for table `oauth_clients`
--
ALTER TABLE `oauth_clients`
  MODIFY `id` int(10) unsigned NOT NULL AUTO_INCREMENT,AUTO_INCREMENT=3;
--
-- AUTO_INCREMENT for table `oauth_personal_access_clients`
--
ALTER TABLE `oauth_personal_access_clients`
  MODIFY `id` int(10) unsigned NOT NULL AUTO_INCREMENT,AUTO_INCREMENT=2;
--
-- AUTO_INCREMENT for table `profiles`
--
ALTER TABLE `profiles`
  MODIFY `id` bigint(20) unsigned NOT NULL AUTO_INCREMENT,AUTO_INCREMENT=35;
--
-- AUTO_INCREMENT for table `users`
--
ALTER TABLE `users`
  MODIFY `id` bigint(20) unsigned NOT NULL AUTO_INCREMENT,AUTO_INCREMENT=35;
/*!40101 SET CHARACTER_SET_CLIENT=@OLD_CHARACTER_SET_CLIENT */;
/*!40101 SET CHARACTER_SET_RESULTS=@OLD_CHARACTER_SET_RESULTS */;
/*!40101 SET COLLATION_CONNECTION=@OLD_COLLATION_CONNECTION */;
